batter,batting_average,strike_rate,boundary_pct,dot_ball_pct,powerplay_sr,death_overs_sr,consistency_index,player_impact_index
V Kohli,1.834599177324264,0.1887643000735089,-0.29685218439339284,-1.0227104965826455,0.5698062549584084,0.7334870108436684,0.7996905122839937,1.2531457081004966
RG Sharma,0.6699523672394786,0.1267214372894016,0.36714183632691144,-0.1714724302871668,0.5365182650855922,0.6133116616349553,0.17697140589847057,0.6711448747887301
S Dhawan,1.2957721193395677,-0.10308817382471673,0.021903726896460966,-0.2905592513463298,0.5006426967551822,0.20518184722771157,0.7201699891340766,0.9094553977995633
DA Warner,1.8758898496984127,0.5130344216265295,0.34657617758520454,-0.38494915381668116,0.8108718138295425,0.5743162122628034,0.7747575458444463,1.7218720143935116
SK Raina,0.9843385198828066,0.38133917412989243,0.001601517844867928,-0.9905721184581168,0.7094712514896633,0.42752325455236956,0.6623458463595868,0.8362076595897378
MS Dhoni,1.669006753752659,0.40513479050187423,-0.21357017512561283,-0.8890181222333793,-0.3115314657083501,0.5145554459931513,0.9890782773421148,0.3222353403958499
KL Rahul,2.5291945009864754,0.3457117204395187,-0.02263140770006256,-0.9420180027348167,0.5873382228235382,0.5583480927533162,1.0591962100437218,1.8460307058401002
AB de Villiers,1.845497960242998,1.0830623263208483,0.2723136728344347,-1.4429081445822707,0.46116458882333566,1.3699086654335348,0.20820477802148632,1.4486155351405745
AM Rahane,0.7790102826907619,-0.19565630611136142,-0.3285577447180599,-0.42321166583332614,0.5015269936759316,0.20301238687803655,0.45111040452202755,0.5581373952206489
CH Gayle,1.8142975228678004,0.95539620809392,1.8557463788623483,0.890845806961542,0.7533729961707525,0.9918394488594259,-0.06533829318093631,2.193244533380107
RV Uthappa,0.42457804144750544,0.07201903638761661,0.2502338820509164,-0.019679670505100357,0.5374729090241134,0.5100822955376445,0.6287022284986148,0.5104858484504197
KD Karthik,0.27971079327244386,0.2917997969568302,-0.034079767861954456,-0.8150314167210495,0.009203520301691958,0.4806895934600664,0.21700776260292423,0.12060644363670335
F du Plessis,1.3098713340537007,0.32711101990439306,0.015213536979554227,-0.8207571449452239,0.7723881562922557,0.6141879173253443,1.1358694932243665,1.3056058736744554
SV Samson,0.8033421745831855,0.5009093015535662,0.17594453929882892,-0.7683882403730674,0.5293133508306307,0.8181920747293127,0.28341481418610937,0.9165031336192647
AT Rayudu,0.4769561950518362,-0.07660836142293012,-0.19735492088530415,-0.6750286631053769,0.1691549663631837,0.40235074385485786,0.391193831019364,0.25038359315492764
SA Yadav,1.2619994580406986,0.9446765108529904,0.7423184735365885,-0.8663411521093105,0.8488275309391715,0.5921883893831773,0.7438869221759553,1.2836840141042967
G Gambhir,0.8229380375179762,-0.26532232215357204,-0.3975877069266049,-0.4225536528335853,0.47922858095634807,-0.04369125174165121,0.49535210617855174,0.5472789756332479
JC Buttler,1.8214226227491543,0.9676333561659889,0.8476410917142265,-0.40535463395729887,0.8490960393586485,0.8919969357602333,0.2394747161610143,1.980529758844673
MK Pandey,0.6200141144504843,-0.3753171528789112,-0.7303249250118297,-0.5176666833000613,0.33268078764387266,0.0667310411196153,0.14462060997377907,0.15927394662023514
SR Watson,0.8002833081738526,0.4290406055886439,1.0413356160413003,0.4822543488372823,0.3056621506076591,0.6980288149272107,-0.2595881242453468,0.9776052051313902
Shubman Gill,1.8135015933429206,0.4767628877016364,-0.18696671190251923,-1.3337494425328917,0.6619698236237322,0.18726513641227824,0.48108910347919653,1.4795368637246562
SS Iyer,1.1753976575256684,0.21049897065648374,-0.05013696866873254,-0.8172056194386152,0.29246272704193316,0.6135853186553214,0.5382266180380267,0.8354468005152867
RR Pant,1.2060389961541966,0.8923481437466907,0.649754678112471,-0.8287474120233402,0.49863565353081546,0.9908230447728512,0.28913468925414887,1.2376679254064895
KA Pollard,0.510518915608735,0.8853961644975644,0.6555633337109669,-0.42539871056563094,0.21142649553838969,0.41938996831076175,0.18163835173433257,0.3121631547273139
Q de Kock,0.7587781391884967,0.2388631201409014,0.5278197600839466,-0.0103712360557524,0.6607635588260942,1.043648011377556,0.02934394815626525,0.9645827604603359
RA Jadeja,0.4552784718134856,0.05699389354481566,-0.8248580845763805,-1.2573021350400193,0.4383502856189872,0.06556316486674564,1.0731830334341268,-0.3819511130794792
YK Pathan,0.6265536000619518,0.710941550430709,0.4589895295031316,-0.6697901695700744,1.0089609431045876,0.254741729553404,0.08426567422138871,0.34333779883117427
DA Miller,1.3301528049767892,0.45216919961757485,-0.36150993831845,-1.3555505458764372,-0.16898880136223646,0.44702546047518,0.3821152570225722,0.3583872850200185
Ishan Kishan,0.6075524510867646,0.42198142561431595,0.7244218828641258,-0.15017356908935908,0.7208016412620796,0.7750553041879449,0.3129613588964887,0.8904488087853214
WP Saha,0.04444626638831245,-0.07533593892034157,-0.05852963329476521,-0.19735609358674933,0.6975603175043728,0.19444384701020953,-0.2681853313497681,0.0017285887962729296
BB McCullum,0.42640306703115094,0.10570969132643658,0.9612638403750501,0.7535877904039315,0.5894530146409824,0.719986549748293,-0.5093104760506793,0.6990708638580987
PA Patel,-0.14965857976745514,-0.39970142016144333,0.3210545847418877,0.6045676779399783,0.48176489487743784,-0.24749467828599853,0.5849449162849463,-0.021193428717646713
N Rana,0.43602577474010445,0.3589405229893222,0.8110943759290968,0.08684224670942604,0.5011568458329254,0.6083708732405453,0.3624636970925269,0.7381212465570439
GJ Maxwell,0.00044158732660548453,1.274849504455134,1.0091067129496383,-0.5252448667532377,0.8490207939211876,0.5741923307307769,-1.01506734871306,0.5960616824578633
MA Agarwal,-0.11037945771475093,0.2252088468829491,0.30726147026434436,-0.2523665450749237,0.4856781866587285,1.0929107063069652,-0.28439971571126943,0.26432196545844067
HH Pandya,0.48947282870918435,0.8738664809518731,0.4523600885906308,-0.9759912888252495,0.0022170152276884065,0.4463459904945144,0.15778836503410007,0.21432548176700186
Yuvraj Singh,0.10248974255286132,0.02551481280150493,0.5947191935901565,0.5739442099044662,0.12366804010615572,0.6215281161260738,0.6536759425653489,0.21268830937687552
V Sehwag,0.4185506842272959,1.3020784407111448,1.4872263442813523,-0.2530035872334581,0.9403446768511247,1.3629047512979697,-0.6211114644234332,1.314453218076213
AD Russell,0.45379424048086014,2.2065739802144253,2.1674250232698404,0.14941104398810295,2.8644944965825756,0.8932139684041944,0.3239658548575757,1.37116641256362
M Vijay,0.24616662954254423,-0.34671578466314695,-0.008120375742283142,0.757671911231592,0.33893615106758257,0.5309698897257834,-0.14701525129405996,0.3180816289733778
RD Gaikwad,1.918718341502535,0.41753723166722706,0.11930589073050911,-0.7800200983321541,0.617565510092036,0.4685197321586173,0.5471360406125662,1.6926382256330645
SE Marsh,1.805011678410895,0.16564180676884932,0.35044128732894825,-0.2911747500020611,0.1520058527384206,0.1760156751755555,0.8856710301029527,1.5744397948480857
SPD Smith,1.2114140715032893,-0.08130076747616267,-0.916270838524875,-1.3349487771063406,0.4918450347582612,0.22390886567669158,1.010698405262641,0.37963676277579167
JH Kallis,0.5419620399056649,-0.9625729850873126,-0.6235496327830998,0.39803345905257614,0.1611181571125895,0.4711055092032392,0.41557092015116354,0.05867818915808439
DR Smith,0.5258866044723305,0.31266786045341116,1.2930939905779308,1.0575955172706084,0.540053336670372,0.08441430571175282,0.5616051992339434,0.9679939272092466
SR Tendulkar,1.1648536361992676,-0.43861327667002337,-0.042246452301766005,0.17911011453034287,0.38137474054946235,0.32185293714222707,1.27850521464826,0.7081263469954202
N Pooran,1.0919395705941846,1.930617402775985,1.3700474138121916,-0.9012475254614003,1.1586354855203553,0.5115082755254892,0.3756947221032302,1.54667652812877
RA Tripathi,0.22768437225401797,0.38475628839203424,0.35442107763189173,-0.41427337826530114,0.8066023302684475,-0.06654955833874025,0.08608115140265404,0.45950649752217676
R Dravid,0.5141104653656203,-0.6516416143430804,-0.15213777904822806,0.47822108211882086,0.23146028821544537,0.3837812109000268,1.4381190854300543,0.31665888640359025
YBK Jaiswal,1.1500694615598652,1.138344317119873,1.5895435427859586,0.0882793595709472,1.2074965150589776,1.1475632539128924,0.6044437839306002,2.0521576806765847
KS Williamson,1.361891180927423,-0.1628575864581462,-0.5929757210285418,-0.7606596335351261,0.061069014680475014,0.34904507916497,0.6291820542706468,0.5461637469768378
AJ Finch,0.11359511058578113,-0.049289085914488266,0.5033805952832362,0.5607352242403997,0.3339049318293384,0.20617231340925737,-0.09984082461277147,0.3012087745704121
AC Gilchrist,0.362040322673533,0.42966520387135565,1.5316963670071837,1.1517165356095729,0.7212423174081348,0.9145258695899218,-0.0065574488782066615,0.8973403785876063
JP Duminy,1.8601805190077971,-0.23816879900479387,-1.1285041634765722,-1.2541672719908392,0.01522056932488913,0.4293873039774757,1.281436052405418,0.3867799367838223
MP Stoinis,0.48827893442186837,0.7631614830731123,0.419171218547532,-0.8063237051631053,0.5140071451159606,0.5537291663322401,-0.5542631115637457,0.30335235825021784
MEK Hussey,1.7454730286578017,-0.31033653803728495,-0.3019933063874013,-0.20338911251452585,0.2100448325598357,0.8230849028694192,0.572707246931026,1.0903083128747664
AR Patel,-0.22448967802878467,0.22515570218375144,-0.2271751513690411,-1.0432188446480064,0.30188408883512186,0.11745484257645454,0.4696610467641469,-0.4026339297724378
PP Shaw,0.011386173275639578,0.9062049029422765,1.2062451536776577,-0.1953472297890849,0.9795564709833192,-0.08068084228347229,-0.17620268866352676,0.8545095611315192
S Dube,0.7491350501817233,0.6717293736196437,0.4162216459678606,-0.7401124606074638,-0.3503151588343244,0.3629303606630246,0.9856101006536617,0.7220105328762406
Abhishek Sharma,0.36953100112820286,1.6546864402102286,1.4179278169188805,-0.551727444796394,1.2567725639564484,0.2351533538813069,-0.5912859939853782,1.2395132121241896
DPMD Jayawardene,0.5138730432062107,-0.27163791745098853,-0.11539389831415647,-0.08716582026287492,0.4865367448522258,0.21625729086290185,-0.15948150049018556,0.1472031924335987
D Padikkal,0.18176759541903872,-0.12943901703878422,0.2848559983795703,0.14835205811646682,0.5412425096519295,-0.06423114456655728,0.3418237709787487,0.3824967735929816
SP Narine,-0.7280747503785638,1.822723655880927,2.5039218185794723,1.0989700297032712,1.4665154917712506,-0.33735050583336385,-2.114663758055737,0.19788837364609874
B Sai Sudharsan,2.9875639699976544,0.8033982966094954,-0.013164415647224535,-1.8133498273921416,0.7883995032742005,1.0214489047498725,2.519460529523718,2.796576509835735
KH Pandya,-0.2628427060921662,0.1459393779827637,-0.19380666009779338,-0.3618197885331662,0.24806182082356568,0.18074791069408488,-0.49781256670531404,-0.43318683975417105
Mandeep Singh,-0.3549889842706121,-0.2922734220858189,-0.43336597407136895,-0.1820362416191133,0.3412872198282376,0.04419277542158076,-0.24215289328561473,-0.35620858631440067
KK Nair,-0.004446282577302861,0.12264819195703361,0.25413311514798476,-0.10676366376732126,0.6166822386718874,0.5560816499842286,-0.12979463594420848,0.26561715371536077
MK Tiwary,0.5537205297639153,-0.6039517125368548,-0.8534284352823106,-0.36726258917309784,-0.003657170619127467,-0.04593135859786111,0.4333699407807447,-0.2532363822899064
KC Sangakkara,0.23627540177603581,-0.3799743167838368,-0.3189803878907753,-0.28314836556503636,0.3832655679051025,0.09409719595875551,0.5541141944872379,0.24586885470324985
JM Bairstow,1.2877901421613278,0.8400357476037492,1.0112167653886326,-0.017087128737105443,1.0763128889749636,-0.2003150074974039,0.5525422238710973,1.7237673703860186
R Parag,0.21399640093907926,0.6327519638807302,0.33489260062730175,-0.8300354664714572,0.8381280090973174,0.2738269289218924,-0.35327064358124266,0.365309290645318
DJ Bravo,-0.16625198007957642,0.006994881795083183,-0.28621162317383114,-0.1766255594012737,0.28432709231798287,0.48651493635870313,-0.7274828952954098,-0.5898957203117565
NV Ojha,-0.3806532464774067,-0.5419259536749679,0.30372880917687156,1.2242088376979823,0.10251066360948413,-0.16360534584271944,-0.7835573463199216,-0.4568267420164011
Tilak Varma,1.570544105874062,0.741407394531273,0.11801787858418158,-1.3134363291007396,0.5259405891547221,0.6592451833226938,2.06770673984023,1.1907542785080119
SS Tiwary,0.5625299752907293,-0.41558016990253144,-0.9442345357359428,-0.7257185882412956,0.16150414452085282,-0.04356357564017579,0.7748490035130092,-0.20048749649315611
SO Hetmyer,0.621339623227861,1.1315753394863257,0.457602998014285,-1.0469986096052302,0.2120938056528726,0.5063330897269088,0.4339760808913473,0.24691873556048144
DJ Hooda,-0.7505619613580673,-0.11171629303571988,-0.867081580722635,-0.9872292543530019,0.04860282760426897,-0.0748320608730137,-0.6474748606510236,-0.6180692754273798
H Klaasen,1.8638387578892293,2.008152549061509,0.46816299750001894,-2.593466666907639,0.9461682970911041,0.9521463876536989,1.2638742807260699,2.259003052474632
VR Iyer,0.7031799061387958,0.37757090210022315,0.5251984670783422,-0.07214307881927332,0.6552724131071633,0.2351533538813069,0.14795040401635554,0.7822836683712574
S Badrinath,0.791985319510235,-0.48977467534450675,-0.44887691536883106,-0.15539805168054693,-0.40778639416869805,0.09446357558972389,-0.048539318008389336,-0.026540394513115743
AK Markram,0.8596319662245013,0.28704796820189404,-0.4626769349269935,-1.5506202582487443,0.597636293260173,0.5321317771407262,1.465419960877119,0.596693109682863
EJG Morgan,-0.13447173092987316,-0.31773497215943713,0.057473062963289245,0.5027956449453108,-0.11761300007847789,0.3149501040800514,0.054327681996957485,-0.2142718917783316
BJ Hodge,1.1095019285887646,-0.16086404191869474,-0.5790176943385514,-0.511207579478586,-0.12376914184450565,0.3162575156681869,0.5205898364691381,0.07116682927166777
P Simran Singh,0.30474694986187817,1.135386029342223,1.5610409142794457,0.23749614708920186,1.013395899436888,0.6293340173117684,-0.02872241307598148,1.2367404583762074
SC Ganguly,0.1770104200419406,-1.082432668413595,0.05164305458630205,1.4798283898106972,0.09489891887373816,0.6108515480119602,-0.12990379834411842,-0.02296956666716343
CA Lynn,1.1632883968660637,0.5265416474773349,1.1697713714397808,0.40696068442719396,0.9251823881211027,-0.7618918536192718,0.9234359560614123,1.508573370382672
DJ Hussey,0.35456277424244725,-0.29781415150785967,-0.46115516539065166,-0.2973820231999471,0.37814377292310725,0.5376553932938609,0.5989158843987887,-0.013916455475295084
MR Marsh,0.42853341604382894,0.6858929648542721,0.9117133121380271,-0.11626291708998902,1.031527549232503,0.12597610088607494,-0.6513898291404593,0.9948480768291145
V Shankar,0.26672263710330485,0.02170874621847963,-0.7411069789359239,-1.1728843400707072,0.0025738291690466813,0.33803873596528866,0.4473749403674466,-0.13504257653462057
KM Jadhav,-0.20723081540026148,-0.30172231105018416,-0.5341400500971079,-0.6320582359924662,-0.27551803637708816,-0.1765075102802676,-0.29424828106507184,-0.615457742475818
MM Ali,-0.2159384846362647,0.5379617143887726,0.9222214549659594,0.05389204758803924,0.4872037551021984,0.5587484330715039,-0.44143918021425527,0.2275689724692749
IK Pathan,-0.25125973449497985,-0.3784740480466617,-0.8885111312761844,-0.5813730764377478,0.713466138335257,0.053005589955587906,0.29939859218841225,-0.729916707902995
TM Head,1.2541078518131015,2.030630065578414,1.5403710270341584,-1.0709550659120655,1.7043857028219922,0.6036265827402166,-0.11067218839995359,2.26841852288953
TM Dilshan,0.3086950216227615,-0.7498775909247373,0.2351624701106398,1.0946432134783082,0.253059654366646,0.3741388700298428,-0.03124204755434128,0.015242670902573823
RM Patidar,0.8197835815333505,1.2273305922770097,0.5980216077793844,-1.338655577375354,0.44288223280520395,0.7246177922162772,0.9853713405467115,1.493864948403607
R Tewatia,-0.08210406134347692,0.40939894062451365,0.3236210106017481,-0.5233992920412546,-0.2363385912804407,0.3853590013142377,0.3422258429008699,-0.4017592184628516
ML Hayden,1.3488071265442756,0.39117888195259415,0.9650574430553085,0.48144088833455295,0.6421788249308408,0.7465039571957117,0.9863650900304521,1.5985853382984392
RK Singh,0.7320323514156051,0.7423866532035449,0.37020504550052336,-0.9338891432603383,0.713466138335257,0.7454364689256652,1.26269988943348,0.38390731735769834
M Vohra,-0.20179196364693264,0.08147220234828315,0.3902937318787824,0.7763613752390851,0.6063492716063772,1.5179860765752884,0.145355119278502,0.17270518627878376
DP Conway,2.2620237992018954,0.5349168608152737,0.39522746857038565,-0.767780745354546,0.5703484229462991,0.1400634883693308,0.7146308129998782,2.1147178558883035
LMP Simmons,1.8879652222259065,-0.09132667869165342,0.677511678827268,0.886854837523839,0.4247754902546966,0.15327041413488124,1.0626400841114223,1.677884308568153
PD Salt,1.1789660359938012,2.3087434992572793,2.1075419243450044,-0.43747180683964404,1.5555179597500546,0.6811998940789351,0.4399748773904277,2.5513820876075703
LS Livingstone,0.2396504490882563,1.4039020497226067,1.1456865677778114,-0.779060881864696,0.8092515305592141,1.350333920692709,-0.616523420956037,0.8026207774536345
LRPL Taylor,0.16652442399013512,-0.2744330444846555,-0.6282424470759767,-0.22250272276434047,0.6090661143361769,0.15431483938675022,0.30021677707746547,-0.2724019022507438
KP Pietersen,1.390863015632965,0.2745438428923822,0.19073272139715014,-0.3045256761364875,0.71573529639236,0.5715854324046595,1.0159009459572483,0.8563975703566534
MC Henriques,0.44927838770287093,-0.1088947615032332,-0.7876777934584528,-0.7937001888652294,0.3068950490393297,0.34277672270643533,0.15950060124123575,-0.2665481801592263
SM Curran,0.09632343989593861,0.3342617696368382,-0.002821079144059904,-0.7318769983871154,0.32691770186375235,0.6303706074154599,-0.5297454054215217,-0.05210731048098015
JM Sharma,0.16427439244865438,1.33941010283722,1.0714104428928923,-0.5762809462323066,-0.8186101863926731,0.8459103496611425,1.2205062366975294,0.6386236827443792
Y Venugopal Rao,-0.18182136829546072,-0.5505694225281612,-0.5409808710301158,0.02462381459487881,-0.36693674160259904,0.11380875642576264,0.5369898386900286,-0.3267094863732673
A Symonds,1.4286254497577084,0.07209142257097793,-0.32009837593536306,-0.3776440921386577,-0.19463984705340978,0.2432516666034802,0.6407670828021954,0.6244075296123388
JA Morkel,0.04074766082136676,0.6054344769080316,0.00997979027919429,-0.9999452398412667,0.8157528015246418,0.15580392093396772,-0.7062997597612835,-0.4249481679980121
A Badoni,0.3387768386657094,0.4711166745915217,-0.4995807809311578,-1.361385877773362,-0.7152826783419736,0.31285058424772155,0.38479442872778186,0.15729731142262193
CL White,0.3387768386657094,-0.09909974729126295,-0.4543499132645158,-0.7799434857782027,-0.10614983954863338,0.7322083865607746,-0.7125805134630819,-0.010150547163690155
BA Stokes,0.08801016546373117,0.2559644298638494,-0.3698931325250874,-0.9740205937494985,0.6987730264958987,0.32358692880744544,-0.8391897427227598,0.18439115369806305
HH Gibbs,0.4517159218728078,-0.9259641352541472,-0.019755808923505928,1.4275149053244085,0.19723813505134138,0.2351533538813069,0.7263810382112894,0.0752330505676746
STR Binny,-0.5520182574087952,-0.011399090415122153,-0.5136285930733581,-0.3497719149758857,-0.5098823534097617,0.072012534997209,0.2372267262084459,-0.6776009508807878
R Ashwin,-1.2667456679330402,-0.5232898044496759,-0.7575380730924837,-0.4177188221324675,0.21481865528701555,-0.24749467828599853,-1.1879793707460602,-1.150285807749512
TH David,0.9427853058009595,2.0656640904369317,0.9686491936277908,-1.464621552976636,-1.9459871045886978,0.7878631971696716,1.0358530390664942,0.5888117093458907
Harbhajan Singh,-1.0348696901673615,0.4101829261314783,1.0132380453949188,0.5429241829497541,0.4788084992537326,0.06217814620181921,-1.5124459082926311,-0.8959654278251632
MS Bisla,-0.34304850879887816,-0.762400332464177,0.5527489651719907,1.68519774014296,0.23746700132230975,0.19048993220143934,-0.9827756976532418,-0.15809404516521616
Shakib Al Hasan,-0.5390525401273465,-0.2441829472293589,-0.6644897692639838,-0.9480401963551067,0.04860282760426897,-0.15555532844322603,-0.40126599031856774,-0.5990388196662374
Shashank Singh,1.9723523700974224,1.3912615895642153,0.4033396834465537,-1.8265269207447041,0.766655203193737,0.8543229804570097,0.4168425356885052,0.8539717756167299
ST Jayasuriya,0.3879918142873017,0.7067873182340465,1.6930450435089344,1.5135510013379398,0.8321917295372206,-2.7126324769899712,-0.23432646555641226,1.009551628390229
Abdul Samad,-0.5737359531569998,1.0892947995656617,0.6365842933293183,-0.8973214695640785,0.04860282760426897,0.42574295501522563,0.7505631697951705,-0.26898236451964375
M Shahrukh Khan,-0.26879050188809245,0.9847231972844557,0.8129794526410211,-0.6118917379351353,0.2385637735274083,0.4058314295865167,0.182937198686129,-0.1564803145576991
GC Smith,0.5017791236707528,-0.9245915896721165,-0.09980426110327736,0.9848456360647926,-0.013405149562351696,0.405217921046957,-0.3579913343259469,0.11383512719018202
AD Mathews,-0.0627610482530063,-0.15143160131597572,-1.1063134033015738,-1.2016276066444929,-0.7726989091810704,0.1316043078151166,0.6577139198161931,-0.3799945660151718
N Wadhera,0.32360995938609904,0.7035176166733818,0.8017201012274052,-0.35038792798907603,0.40319659332746355,0.5115082755254892,0.15407854665600676,0.6359941961320529
T Stubbs,2.064359851830787,1.6739358709258485,0.1935100891436596,-2.811977834380773,0.8157528015246418,1.296134058083091,0.62786649411193,0.8395128683197622
C Green,2.0230651553047885,1.1579961652487083,0.3744297048676263,-1.736082017506792,1.2386522829462914,0.9540373984197689,0.06770392898988684,0.9405117710902905
Dhruv Jurel,0.5272794811408658,1.2013402768481543,0.5311508740134048,-1.4852845903067224,1.5829027754450125,0.5859269953277805,-0.25914745069656775,0.3468890505654746
TL Suman,-0.31610734165746474,-0.5414786520113251,-0.3290952028030422,0.5702609004619609,0.0926821631223453,-0.20979545077850856,-0.059178245815629756,-0.4311858340203247
AM Nayar,-0.7433172777570145,-0.6432300565405497,-0.875051477585584,0.0203644672220276,-0.2604181478059091,0.18791319633529222,0.19901159438391874,-0.825647538865208
Abishek Porel,0.18227464478049912,1.0144699089146823,0.5757488320344457,-1.1428886694575002,1.0842552923967708,0.5690822175346939,0.7399303501368478,0.6701628201606157
GJ Bailey,0.0722731027525561,-0.34612598626083213,-0.6109446596558485,-0.3855921417902839,0.11142455775207913,0.513997959504265,0.6629153335280423,-0.3215367561485568
E Lewis,0.40052770430412293,0.3880428264710248,1.338147989157594,0.9877748590330211,0.9831309776527232,0.09478260003029415,0.5110205726774658,0.8065842750433676
PP Chawla,-1.4861237432274037,-0.8778840308893519,-0.37310859557755954,0.8525606736760429,0.35546281717241807,-0.4680246677685808,0.2294835570443163,-1.3132867391797924
JJ Roy,0.9932333814152107,0.49114813023477466,1.1676997205332333,0.2732835750273935,0.6857635003881348,0.5715854324046595,0.7943732781869193,1.2625701477263487
CH Morris,-0.23044542654252229,1.2164028757747858,0.16144026549115748,-1.5451397362251058,2.898017016451365,0.34557125747875794,-1.8063343108028003,-0.4764360985407651
PJ Cummins,-0.4204338041307846,1.0994959263244126,0.8246329741000055,-0.052802308200731306,-1.9459871045886978,0.34199689236084213,-1.3690846914338062,-0.4277205482178278
JD Ryder,-0.2973035066322341,0.09079637598637051,0.5925625354961275,0.5560267070740648,0.7216997397065403,0.24831311205483902,-0.6409206648007904,0.1322882332154976
SN Khan,-0.18673052802232734,0.051498283167413665,-0.13131700370066898,-0.7995261607167922,0.6645791301932739,0.2812125074886706,-0.157453263316271,-0.3817575640128171
Rashid Khan,-1.1831730678209023,1.5219869248899947,1.2123604447641356,0.0829958158547396,-1.9459871045886978,0.36212723679890435,-2.701877698398513,-0.7983278405670198
HM Amla,2.387305555431539,0.607589600409286,0.5445049695720684,-0.7991377296055764,0.6700328567297146,1.6223466860560258,-0.5517702715917345,1.9168389374101877
Priyansh Arya,0.7547826703350212,2.612274262923043,2.1232285968099904,-0.5656176379978581,1.58360982611222,-2.7126324769899712,-0.04394252266032512,2.6176925191249016
Shahbaz Ahmed,-0.5929776022013858,-0.34725362423282696,-1.0605599429657946,-0.6694034803024047,-0.3349721593559169,-0.034657644299534,-0.1492054623027068,-0.6968533354241824
CJ Anderson,0.07345493750161668,-0.06458440093394918,0.6163101234170859,0.8999955788259445,-0.24568093288321782,0.3875028619672029,-1.2574632113947453,-0.10587450681169647
RS Bopara,0.6637813946573592,-0.5782596508891636,-1.217141664591804,-0.6094470105836809,-0.1453156380256032,0.45836309828622335,-0.25456655324056043,0.020258666917418962
MK Lomror,-0.6655993098850367,0.5965232795580964,0.07277027456157398,-1.1454553903457902,-0.31882163358917226,0.27148170038852326,-0.420153290816328,-0.33850952751494234
JP Faulkner,-0.4297339345022381,0.33930969645893655,-0.5253899974050642,-1.017852694756515,-0.5497741520536211,0.16647733990043584,-0.4336380718322339,-0.7950142336128329
M Manhas,-0.17303468385679308,-0.9599944467398488,-1.4696684952445342,-0.05094007027965283,-0.21483357853442475,-0.2827009137041877,0.3038833639622609,-0.9035115761214051
Gurkeerat Singh,-0.2966070682979652,-0.39015759602602634,-0.29130635506107666,-0.32118521313948106,-0.05921284440616163,0.14189778361454644,0.060250999534392544,-0.5071031607396045
Washington Sundar,-0.9795598239113272,-0.14005592861489924,-0.7486166170251475,-0.8127981979921637,0.41125554254844515,-0.030223738405679556,-0.7447431948619622,-0.8463354007808752
OA Shah,1.1512882286448327,0.05025734035072643,-0.4774579605080674,-0.7918035896035627,0.6026555865467602,0.18559262719268071,0.02008445617875432,0.21949609284434127
PC Valthaty,-0.13395706095850854,-0.41730015650796987,1.4682792131426388,2.298538458555426,0.28154763720344717,1.139587642898631,-1.9672433372963158,0.1706511595674423
SW Billings,-0.5512356377421923,-0.001425364032747096,-0.38245376546441834,-0.47224116878858197,0.6243607461754349,0.39307045196369755,0.2243927942370706,-0.20129049139227984
Nithish Kumar Reddy,0.5433385297898657,0.18690113663787158,-0.22137356389893464,-0.8289871665368445,-0.03225892640355363,0.5444076709593209,0.4916646395885552,0.20702444066256673
RR Rossouw,-0.03237836427675443,1.2050044017095973,1.2419516715838632,-0.21355117240781432,0.8544977497024371,1.1610604417831816,-0.5464733731365192,0.6736265102808224
A Raghuvanshi,0.5979679720690502,0.778392296760482,0.1989088601411925,-1.7437668801678763,1.3927829992995293,-0.22758046840662527,2.305608136234506,0.8501517960016388
WG Jacks,0.3575123954228752,1.0788226184017071,1.2374033056106106,-0.41623468764617666,1.0147323260102372,6.192137220433682,-0.19104067005827327,0.9401465622248081
D Brevis,0.5394671519905532,1.169880618946898,1.2230691219155674,-0.19101547484831857,0.44752081404286237,1.8932828837464009,1.7612174217524097,1.493519695541053
DT Christian,-1.0818075915558565,-0.6996151411146936,-1.5663087661665946,-0.8387517877551967,-1.1980158800163354,-0.1835662243674535,0.08722481837412822,-1.0506792108160292
SA Asnodkar,-0.3131823006535401,-0.1749572104244893,0.9238549410034864,0.9473741814178006,0.7198590547845951,-2.7126324769899712,0.5879095130916266,0.24777129993401587
NLTC Perera,-0.548781057878759,0.41111068173078563,0.02836336090704724,-0.385169176899363,0.5804934761890608,0.09326998414827742,0.5738004492393722,-0.5284515204650239
JR Hopes,0.2615882566176927,0.3693076222459996,0.4550400016446865,-0.4215559450647833,0.5584979982400652,-0.13331987497760286,0.03064836502628614,0.34601126617175687
R Ravindra,0.020272373793892743,0.7065285983764217,0.33918575035762255,-0.9366833744320604,0.8142030035975292,2.2003439077954927,0.0478945332763777,0.5201011566858321
J Botha,-0.40093353077128546,-0.7362653258586978,-1.4204945498203887,-0.2889736101359425,-0.21989966326786128,-0.3310372172921401,-0.6159345763727541,-0.7799871250544188
LR Shukla,-1.0327423876190525,-0.6513459423779981,-0.25566913899548255,0.40983079819291485,-1.1481511317115112,-0.2523996379624935,-0.28958879578638563,-0.8703614450760053
SE Rutherford,0.10802360391163818,0.40714121313089285,0.6526641509402987,-0.10628991960059737,-1.4473396215404561,0.10849068146105667,1.575360508996079,0.16194442257826977
AL Menaria,-0.587021853687647,-0.8521222408388853,-0.9268120904608957,0.1306544298209974,0.04860282760426897,-0.5632053086463303,1.1841798235734842,-0.5705253194026344
Naman Dhir,0.48827893442186837,2.544038476073856,1.5569236946366531,-1.605563875505926,0.9661141964130338,1.0482306440079925,0.9861321271837677,1.0713683225448924
CA Pujara,-0.38615437622513904,-1.4148448742204751,-0.13170305724246026,1.6011992135489648,-0.0651237913365582,-0.6006517749937812,0.9408784912434266,-0.6097411307548058
RD Rickelton,0.7042819624040114,1.1192638799518837,1.7508880342867474,0.41571484406119524,1.1234077651590282,-2.7126324769899712,1.410142925843461,1.4786157941239328
Azhar Mahmood,-0.3984703383469274,-0.05186298269250205,0.18086399888893537,-0.09064322859703543,-0.11761300007847789,-0.22240131492151427,-0.9734990206993358,-0.1526883139222163
MV Boucher,0.4464926343657986,-0.148752479101175,-0.7578759167019112,-0.6911374324640986,-0.11761300007847789,0.18432946024559466,0.0027336544743506315,-0.4152556060153061
Ashutosh Sharma,0.43813537435458505,1.6732671382394704,0.8912098106112983,-1.3033739805914302,-1.9459871045886978,0.7015425456537729,0.24284854951965537,0.7865993515822143
A Mishra,-1.3983725131096583,-1.8459462985658035,-1.9711313518856606,0.6379539865682358,-1.5470691181501046,-0.7885484795210681,-0.8637792529301668,-1.4793052309384553
J Fraser-McGurk,0.16847445132608532,3.3674711386529252,3.0920365341813167,0.7230099096952761,2.1555640235827553,-2.7126324769899712,-0.47311312783186255,2.3957171800075034
KR Mayers,0.5692800699151715,0.750823343303114,1.7278878736762664,1.6210319918855551,0.8065470018375964,-2.7126324769899712,0.7687998215302706,1.4197964538379337
DB Ravi Teja,-0.49084005426034377,-0.5202400651929255,-0.7218547231106683,-0.34594220444415213,-0.12334458034340029,-0.14867292618005656,-0.29507004642158496,-0.6577820037888537
S Sohal,-0.6349368110852733,-0.08670738032651418,0.8330090757040203,1.4454228710104833,0.6184856653736889,-1.8938030795257272,-0.7730939283818116,-0.10539588319940835
R Powell,-0.6524870571088223,0.8486130763311566,1.2499243963775237,0.5190991841163443,-1.9459871045886978,0.8502904797449409,-0.8942203447814988,-0.07740377583990433
P Negi,-1.1497440277760462,-0.1327065164546971,-0.2831187713836527,0.015272833580916759,-0.6162604831267199,-0.10685494693801251,0.0779219282749761,-0.9472290010945104
Rahmanullah Gurbaz,-0.33073254667708896,0.19865524293645756,1.6037179141219062,1.8296422840512618,0.5832351805632083,-2.7126324769899712,-0.7084770570986665,0.20683707411147026
KV Sharma,-1.2037447847715819,-0.4760588224326512,-0.7551608826043221,-0.08692229451744059,-0.3946393795497238,-0.18828549475213566,-0.6248814454535249,-1.1562375519292334
DJ Mitchell,0.37127729426487444,0.1137127421342321,-1.0490520622148256,-1.8750962720731759,0.5344644777538385,-0.4823997760018326,1.6746868388530847,0.20806310338521608
R Bhatia,-1.4539482921842304,-0.4225895402638618,-0.8451604803841967,-0.3819463035755781,-1.9459871045886978,-0.024063278048508278,-0.07740876900893111,-1.2798025390148526
AP Tare,-1.1351188227564222,-0.21805009135241793,0.8724222049570199,1.5097796226948137,0.296686152503891,0.12177697577087249,-0.5819885771666403,-0.6931606711829178
P Kumar,-1.7470681906828047,-1.0099590770312838,-0.26472819881589565,1.5114297958149245,-0.45004465544397276,-0.6355247004107896,-1.1524955367931007,-1.4251339049572267
JEC Franklin,0.6903726765112218,-0.9775682132561468,-1.2566099513884632,-0.08197736896429281,-0.23324140194473736,-0.08455135939333576,-0.20919106459429537,-0.3880772289830365
RN ten Doeschate,-0.06330022631824629,0.46658189399483635,0.09383155345605969,-1.056548547662043,-0.2363385912804407,0.07723625579891626,-1.068158017050012,-0.31588837437314854
SN Thakur,-1.4338908681573175,0.5118530572315465,0.26808755641103577,-0.6051163895523235,-1.9459871045886978,-0.04059151274820732,-2.591739206991144,-1.0302008541058096
B Kumar,-1.8024900202308545,-1.8312988370436443,-1.5524705723337386,1.3100898160400034,-1.9459871045886978,-0.9678751350421535,-1.4162548650238205,-1.6115233328423517
Anuj Rawat,-0.4623593918537071,-0.48679203571940477,0.051439286177569994,0.6818191656323596,-0.06472614581578635,0.5171945907856569,-1.0164294478698641,-0.5737656651349422
R Vinay Kumar,-1.4923916882358144,-0.7764847852214536,-1.5371185227940631,-0.21188092418891818,-1.9459871045886978,-0.5767920796219544,-0.27057920673098057,-1.332388864536313
DB Das,-0.24715994656494994,-0.5926152553131919,0.34760527332498165,1.085025061578232,0.23677168913190663,-0.4672487386309898,1.2849479622644249,-0.6900687167485718
LA Pomersbach,0.41382334523105363,-0.25517197362920363,0.05325763151263064,0.5555517366098638,0.7221007267863103,-0.19347876948518042,-0.6386212842209263,-0.19123380580273946
UBT Chand,-1.0327423876190525,-1.3985952770088694,0.2197407845273565,2.282275882878967,-0.2604181478059091,0.35797776350094435,-0.502613421920462,-0.779830778688215
C de Grandhomme,-0.6159240445597616,0.1685477969301175,-0.00661001110986507,-0.38414764115834327,-0.9486921384922145,-0.17937902858496657,-0.3697325602419078,-0.5263136211073866
DJG Sammy,-0.4867347335530803,-0.3261892867574161,-0.18465128199120923,0.3259892483519202,1.245356786920049,-0.10261377257269284,0.005255040408178413,-0.5902141323354007
Lalit Yadav,-0.637861852089198,-1.261414466864571,-1.1995823043434946,0.3326155997810765,-0.33744683669114406,-0.583144336181986,-0.2845360294315237,-0.9103603744819015
A Manohar,-0.9896365201927914,-0.2363687666570359,0.1770234312876695,-0.013695311858082126,-0.6162604831267199,0.1881142182822973,-0.7407681331021332,-0.5565196422394366
SP Goswami,-1.07954304368185,-1.4314272276889741,-0.9405817406809305,1.0342425326041118,0.012337556109851778,-0.5352906700964132,-0.7872427772768964,-0.9346907788906946
Y Nagar,-0.40594788677801313,-0.9271059988419897,-1.2650140256898268,0.03404700395644046,-0.6162604831267199,-0.11591169093702422,0.906487096224082,-0.8312667166407389
GH Vihari,-1.1438939457681965,-1.9936157943404498,-2.5858344315623443,0.6707209071614884,-0.6384225934844195,-0.6264237547740843,-1.0924815310487632,-1.2207499296688624
A Ashish Reddy,-0.6037363737100742,0.7753145675697706,-0.39668055698954546,-1.531660440065697,-0.2838288277612256,-0.012177991517139677,1.4944577011480769,-0.6340813752701617
B Chipli,-0.6037363737100742,-0.8318093262680374,-0.39668055698954546,0.4898538220015437,-0.4832878209805223,0.5773070663931524,-1.1175047279597474,-0.8269977952929868
JP Inglis,0.8262836726531841,1.6253502344983775,1.4463227345114777,-0.3430173863224907,1.3696948606151944,0.15327041413488124,0.7429830908783669,1.3398433235984253
MJ Lumb,-0.07722899300360163,0.7982481742900871,2.072396039479979,1.3645557484751996,1.0260839864273124,-2.7126324769899712,-0.796005121258533,0.8504697119621609
PBB Rajapaksa,-0.30373216817932125,0.7843242978808228,0.635943429439026,-0.3430173863224907,1.2536675783041875,-1.3308578687690595,0.5086114692307989,0.4313407848377307
VVS Laxman,-1.0881642171671027,-1.2321896273682074,-0.23114541412695017,1.0389591761620796,-0.01539471032705607,-1.7914494048426968,-1.1766784133605581,-0.8605111253509401
HV Patel,-1.6984413747191902,-0.5449592313511158,-0.17509118585601816,0.46967334328997856,-1.9459871045886978,-0.26818589338347837,-1.5636252455310045,-1.3266926450303445
R Sathish,-0.936388095725057,-0.5909902955920324,-1.365188612707662,-0.17077103215774705,-1.9459871045886978,-0.15205580186873427,1.3173852868175728,-1.0092470453107674
PK Garg,-1.039242478738886,-0.781998166008796,-1.7695761098759781,-0.4668920361810534,0.08849462624812832,0.2448500177986469,0.1669855181275998,-0.8435649363283708
MJ Guptill,-0.20398076984034613,0.2955910445175457,1.0092526914202613,1.0671627794780916,0.7773953028286213,-2.7126324769899712,0.1624380941151734,0.0775760150883403
Atharva Taide,0.25427565410788056,0.8634955438610836,0.6492832578015792,-0.5616351476194852,1.0943101706957272,-2.7126324769899712,0.5285739810644343,0.985140464429358
JO Holder,-1.3447467613710364,-0.25249330334240744,0.3404210471636439,0.7458126326047466,-0.6162604831267199,-0.30231887467981033,-0.7947938346198291,-1.0056225159276893
M Kaif,-1.1042433899372153,-1.2197191888280934,-1.1715822434070013,1.0112086427788551,-0.7600147124739608,-0.5017931038365127,1.2586941790104866,-1.056844882835811
V Suryavanshi,1.4242920556778196,3.8453243256258953,2.944426714257533,-0.28210381883005836,2.157169327351119,-2.7126324769899712,-0.19905070046219459,4.469039951628819
JC Archer,-1.254429705811251,0.7195819872624379,0.2608064160671085,-0.6199452524080312,-1.9459871045886978,0.13466065510160347,-0.86473988737555,-1.0052737334277522
K Gowtham,-1.1822444833752115,1.8903453069157916,0.7549806538225772,-0.838147311203585,1.245356786920049,0.7603335881169947,0.053115424093636815,-0.7217848584444893
Harpreet Brar,-0.40873364011508545,-0.4335453066486366,-0.31643284136294736,0.2787586040236049,-1.9459871045886978,-0.19019829285515152,0.30018253459327765,-1.0815243032223263
A Mhatre,1.2237178154086863,2.908187731988545,2.2321751641854823,-1.141009102192847,1.8914304823477712,-0.8702663326954224,0.3409981218356493,3.412771193483893
SM Katich,0.020272373793892743,0.02961256440042838,0.5098214158294305,0.7775041508271605,0.7319345636333416,-0.4096747966217852,-0.5505437755754897,0.2260827227777704
BCJ Cutting,-0.2562769574862742,1.9276166004477535,1.5732472595733695,-0.21233402343978966,-1.9459871045886978,0.5762194830730257,0.9851957991288988,-0.016753957667307442
Aniket Verma,0.28027601858721246,1.8014310358457923,1.364084291909684,-0.3819463035755781,0.1732646983663294,0.6371241490001175,-0.31986157355484096,0.6695941529974894
MD Mishra,-1.069305400168113,-0.7308630420756259,0.2860890140272991,1.4504214536655762,0.12968371915682855,-0.0945332193082444,0.0523092197430811,-0.7227155253828723
K Goel,-1.08734315302565,-1.688274243750839,-0.2918922555444161,2.4528428454284006,0.036214070261455567,-0.7386687509600983,0.8059852920446137,-0.9680767830514004
AA Jhunjhunwala,-0.8347396119687553,-1.228868622879987,-1.0659045940660425,0.6620564773026516,-0.5380412700995447,-0.17016719786349382,-0.7271077058433953,-0.8629952726700191
Mohammad Nabi,-1.3080403644590384,0.6444418293642935,0.6025797572341619,-0.41623468764617666,1.5113021112124438,-0.07762043340590677,1.2350158132747897,-0.7364840113401933
K Rabada,-1.3902473992098676,-1.0504476567502015,-0.40932942172655384,1.085025061578232,-1.2811237938577087,-0.5154402604609161,-1.7906675876685354,-1.3385760003323317
Ramandeep Singh,-0.5434628015079872,1.3203836223465173,0.4256155453685201,-1.086896128598135,-0.6162604831267199,0.9418970879221661,0.5275887386248489,-0.6601170168076514
R Dhawan,-0.554099314249532,-0.8172594195455174,-0.47438072608831566,1.0709835884834704,-1.9459871045886978,-0.36780283879690867,0.8335358306419636,-1.1284484660584022
UT Yadav,-1.6288936017523072,-1.2456388694249927,-0.20840707032714267,1.5683730831835325,-1.9459871045886978,-0.7036693941155954,-1.9827332945560856,-1.5623052321279258
CA Ingram,-0.7889889706253157,-0.7091221439242269,-0.11809702387932375,0.44447763811005836,-0.3946393795497238,0.05091673945185202,-0.22816236378468402,-0.7579118867373776
PD Collingwood,1.9624996003999917,0.048973007925067515,-0.2707526967260225,-0.3961703310334359,0.7834517499911514,0.6036265827402166,-0.5557361371399775,0.8053759363732454
Kuldeep Yadav,-1.2199450118702426,-2.0640583076445256,-1.5088367087167067,1.8093713977770418,-1.9459871045886978,-1.0112637416975563,-1.6704902056903261,-1.5720784556366825
KS Bharat,0.5217079744667232,-0.2982654086800939,-1.1054002811934722,-0.7035330113184665,0.29355246839989724,0.3902999765587433,-0.5841453465907003,0.17885317553875374
JD Unadkat,-1.3471842955409736,-0.5075104371458993,-0.5264437835555109,0.16759242792883564,-1.9459871045886978,-0.3896490776620624,-0.4733424107661853,-1.275373791791866
SK Warne,-1.635300834427571,-1.7798123533769312,-1.2995013035229608,1.426085631067774,-1.9459871045886978,-0.7999470142108971,-1.396543130703435,-1.431311532672234
AS Raut,-0.26573163547875844,-0.6293179383564117,-1.1087986016164104,-0.2933655337781362,0.3810344829697641,-0.5661864836370994,-0.22881784325462937,-0.9290239245932754
BJ Rohrer,0.43813537435458505,0.3769901431274431,0.045767556168730295,-0.33648321817835575,-1.9459871045886978,1.4458511058462957,-0.5220838394217354,0.24707368258521803
Salman Butt,0.4214208543321578,-0.4431189609664122,1.0990476981617632,1.4132444951683174,0.17197952444094775,2.2003439077954927,0.3141247042912492,0.6508815216949495
SP Fleming,-0.29173199995809157,-0.5150986582444916,0.5324839651499028,1.636109542667759,0.19635022998893314,-2.7126324769899712,0.4888321683920786,-0.18522402896849843
YV Takawale,0.005647168774268504,-1.0305464904476822,0.5686728528082533,2.603117206394145,-0.11761300007847789,1.5862218596973086,0.9064671727215803,-0.3421124591910676
Bipul Sharma,-0.05285365130422845,1.1132225423754636,-0.678811117513953,-2.0957681484980437,-1.9459871045886978,0.19458749382344545,0.35082148928369106,-0.7201975916284664
HC Brook,-0.3697330933960864,-0.36690516384844607,0.1706142260003933,0.6445388500499251,0.33354424648897896,-0.05962522920582091,-3.1514040448766067,-0.3805080758938432
SD Hope,-0.1113544713827254,1.0144699089146823,0.7535367003250222,-0.33546560182804125,0.6469798072621591,-0.6860297182659675,1.3057630588016576,0.4208318102811696
FY Fazal,-0.6466369751009724,-1.1041185647496994,-0.7919748598909347,0.02658099666756906,-0.002540503990422305,-0.5248226806401944,0.41004493554651594,-0.6606886911031522
MS Wade,-1.2583884079218266,-1.2501455668892767,-0.19754733673095184,1.614132095764886,0.3538972049807435,-2.7126324769899712,1.2076971729011279,-0.9160345925809681
Sikandar Raza,0.25427565410788056,0.22851512613566025,-0.6417349364548958,-0.09913916941344941,-0.17301827597272743,-0.16583221870044706,0.509294056488763,0.002807431415641137
AC Voges,2.5065572271300134,-0.12374051395283768,-1.6918264695364345,-1.4060762805413916,-0.3946393795497238,0.08381613488568362,3.6497121408216815,0.253509257248089
CR Brathwaite,-1.167744280107891,1.6770103043151778,1.8393576426305929,0.20977323867133713,-1.9459871045886978,0.9720998115991264,-0.21758570468055125,-0.19798591717618963
S Gopal,-1.2834601879554677,-1.0986027131022873,-1.0614486703901267,0.14762518024007817,-1.9459871045886978,-0.32109950122300907,-0.20425034605599418,-1.291031156399367
MF Maharoof,-0.7168379591951689,0.7182120085323433,-0.11090196894830899,-0.6725944527144739,-1.9459871045886978,0.08196785424333403,0.08649517622846546,-0.5746779959680539
C Munro,-1.0619927976583008,-0.17434370836422564,1.2411687701715182,1.27745631342301,0.925345654941836,-1.2387395615543322,0.658361652627178,-0.3159093833640954
AB Agarkar,-0.7168379591951689,-0.5782596508891636,-1.34005718632997,-0.6480894751711828,1.122612791092789,-0.22240131492151427,0.1820737404197181,-1.1134947017789654
Sameer Rizvi,0.08713045388360331,0.5763967513001427,0.8302593225003223,-0.19198169643346577,-0.3140498873399069,1.328686807269039,-0.2964381069257238,0.16087042516653635
CM Gautam,-0.8104392713207642,-0.7626798317680844,0.31457483706841965,2.019018617566127,0.27749019687231474,-0.4096747966217852,0.35193747670761294,-0.7963361639527912
DH Yagnik,-0.8221394353364633,-0.13625814625460309,0.35442107763189173,0.44668350652583527,-1.9459871045886978,-0.31503270016829765,-0.036237221731786194,-0.9609413557101989
DW Steyn,-1.899618176054962,-1.2022798306961489,-1.5593914706292131,0.7568056279881463,-1.9459871045886978,-0.7238531291753252,-0.6994180729162991,-1.535191830228201
MG Johnson,-1.293746046430808,-1.325422244166421,-1.006112003776277,1.369616145100107,-1.9459871045886978,-0.7027785013959179,0.5571174899341982,-1.4714339167295647
PA Reddy,-0.8689400913992611,-1.2933791350637172,-1.6038758671338387,0.31917971653469895,0.029424078256259284,2.814465955893675,1.0224410540309388,-0.7794020523555379
MN van Wyk,3.569322125222709,-0.22800406413917837,-1.174158936131218,-1.3135658118841749,0.287953619467425,0.1151853258807322,0.8947107980874272,0.8530275756617663
N Jagadeesan,-0.6817374671480707,-0.919066347050033,0.06664267356237509,0.9480808988104865,0.14669741443343048,-1.1537072779715067,-0.4004269328037578,-0.5858567892806267
MN Samuels,-1.3387466772604204,-1.7255711836912508,-1.1094951517652114,1.756729948925384,-1.22793472899923,-0.003270500086222359,-1.9199419147150674,-1.1539493232973288
RE van der Merwe,-1.0965614640683212,-0.7945942912923504,-0.08539120028567206,1.0291579239458752,-0.005305008400946755,-0.5899062672592958,-0.6669298997251812,-1.022117370105829
R McLaren,-0.4623593918537071,-1.7558013350113744,-2.1378484972342937,0.27119441922620746,-0.6162604831267199,-0.5208520639499047,-2.2165760375047125,-1.1618246830567576
D Wiese,0.6520812306416597,0.8687110219265728,0.2804209165854446,-1.5407304071424524,-1.9459871045886978,0.2782216533583236,-0.03188359077454429,-0.43808956524382386
SM Pollock,-0.637861852089198,0.1609268770023277,0.7244218828641258,-0.16871403609921182,-1.6135554492232034,0.7966363692853605,1.7174376754930203,-0.04784097576747904
AD Hales,0.0787731938723897,-0.1690424213306525,0.13242059449255117,0.2396963779160172,0.8713711746338678,-2.7126324769899712,0.9116430289432653,0.3619561063116866
S Vidyut,-0.6671122621284464,0.18984012014403234,1.2725334205460836,1.076995228340554,0.7572071456201918,-2.7126324769899712,-0.6157185046309359,-0.009252095127540251
Sachin Baby,-0.9417411119413902,-0.27412314996570625,-0.71076433912119,-0.09466217799193073,-1.9459871045886978,0.27327127410809093,0.2683557512011743,-0.7768181821350763
M Jansen,-1.2880186934161297,-0.9628793331720715,-1.13345450085518,-0.007343492592389093,-1.9459871045886978,-0.6634701328256255,-2.023483771961539,-1.3618602168741178
N Saini,-1.1497440277760462,-1.4148448742204751,-1.4067827552735452,1.3350970109802023,-0.02349078440270564,-1.100562100732241,-0.9938224660009305,-0.9522977703104267
Anmolpreet Singh,-0.9807416586603891,-0.40087000821623586,0.9767677557851028,1.2752971969927747,0.5965670946902495,-2.7126324769899712,0.18463277386355065,-0.4554261583885213
S Anirudha,-0.7987391073050646,-0.37370996716255184,-0.14072705878183503,0.24103223234658372,-0.09386788183808573,0.03285432627249442,-3.0650523924791253,-0.8950568836649772
SB Styris,-0.5981648670359316,-1.4516526739649476,-1.563369355594729,-0.02893180393963474,-0.6162604831267199,0.01679884789084298,0.2152185578885029,-1.0272579550557996
W Jaffer,-0.88649033742281,-1.053459204002023,-0.18748779403132085,1.3092631319097507,-0.22033064639927716,-2.7126324769899712,-1.3364846039164797,-0.6331161160645666
RD Chahar,-1.8444412662081977,-1.2189323917095767,0.5351191453034481,2.66612512876488,-1.9459871045886978,-0.5802642544268366,-1.7163086364668423,-1.4277546401443184
TK Curran,0.18407467001368405,-0.5066898151045297,-1.4116772541144147,-0.9026963680140621,-1.9459871045886978,-0.17016719786349382,-1.8292946303355768,-0.8812260464353
P Dogra,-1.4369298717977592,-1.8021269410970946,-2.4395220106965585,0.8186440719978728,-1.9459871045886978,-0.5433949199980018,-1.421793935282743,-1.2776741872499273
SS Prabhudessai,-1.3135463239958378,-0.4431189609664122,-0.5089141345766567,1.2100610362792183,-0.6162604831267199,-0.5017931038365127,0.6825528770210927,-0.8209152722338882
BB Samantray,0.13727401395088665,-0.8988842123156616,-0.8100454565949977,0.17879087325870285,-0.5212800101651501,-0.13331987497760286,-1.750207973516324,-0.6907257291776803
MC Juneja,-0.698451987170498,-1.5287190046799357,-2.0283841080637006,-0.22785267278211024,0.2702239311812651,-0.755118448677013,0.6841645539622352,-0.7691805624335672
MM Sharma,-1.9752555999948365,-1.8078222656099854,-1.1581422141574844,1.8315633811164658,-1.9459871045886978,-0.8702663326954224,-1.8954488495927813,-1.6243606627980418
AB McDonald,0.09047335788808926,-0.2973600739783028,-1.073240565971512,-0.6654785842355576,1.2033654199265136,-0.44510491478129544,0.7004326944184592,-0.7419945355420793
DL Vettori,-1.0181171825994282,-1.0244192840737525,-1.3451363401208034,-0.5404426095345712,-1.9459871045886978,-0.4018681604171478,-1.3710749654400967,-1.337711481011376
NK Patel,0.7515326247751046,-1.3331872344512243,-0.8057302075343067,1.4454228710104833,-0.3140498873399069,0.385892402050861,-1.106699401194604,-0.46816215867159555
TG Southee,-1.707751850063248,-0.7731390824489248,-1.3031825298085216,0.6391420574558512,-1.9459871045886978,-0.24059689097450082,-2.6838361098971313,-1.4045366818871894
Harpreet Singh,-0.7987391073050646,-1.373670047387678,-1.443347540731791,0.4767992185412368,0.11738179078333741,-0.4221232165156678,1.4962339951909787,-0.8880543421740427
RJ Harris,-1.65675113512302,-1.1959876865506416,-2.440998799139923,0.46209808851836975,-1.9459871045886978,-0.6560377112658234,-0.34665266485366997,-1.5242349868108525
Z Khan,-1.8183248286731544,-2.2477527998668148,-1.128133872988304,2.4604207832890648,-1.9459871045886978,-0.8873252784759275,-2.584854202945786,-1.6421331236003036
Aman Hakim Khan,-1.2927460324123718,-0.9009513624034218,0.05262911649464286,1.6236415679824754,-0.3503151588343244,-0.0614226595904995,-1.900726898567508,-0.9597985739866708
M Kartik,-0.9157407474620585,-1.1878061094414876,-3.077336390897085,-1.7206887258709727,-1.9459871045886978,-0.8217830131087241,0.8879037449461272,-1.3849527516450282
Mohammed Siraj,-1.4773486202156294,-1.7762305444389281,-0.16358004969323653,2.6112906370605025,-1.9459871045886978,-1.0073018310313804,0.1638131964633708,-1.5290315476413576
DJ Harris,0.4590285243826199,-0.9337924419164835,0.8724222049570199,1.8736182881577128,-0.16955544622933677,-2.7126324769899712,3.401940809320947,0.43584992105208964
MA Starc,-1.607114075662477,-1.7414754332974713,-2.0675841933747914,0.5628159907682371,-1.9459871045886978,-1.0895956355876304,-2.064882624294294,-1.56884874063409
MJ Santner,-1.193619642834919,-1.1318179091950198,-0.3916906378731107,1.1954937382558015,-0.2838288277612256,-0.2070145207493848,-1.09278100135637,-1.453518494552128
JDP Oram,-1.2374952578937917,-1.4602526271762715,-0.8379588758334984,0.8968868192711441,-1.9459871045886978,-0.38147531482135777,-1.436440419643393,-1.2255772111670222
DS Kulkarni,-1.4357480370486975,-1.594794117415673,-2.1957383184302808,0.501523846306967,-1.9459871045886978,-0.8514666781618047,-1.243241255942329,-1.566632599279424
RJ Quiney,-1.0661714276639083,-1.3672112510217485,0.590790524081221,2.47513089795977,-0.1199540680740102,-2.098510428891788,-1.6122792779635742,-0.7707549024519829
CJ Ferguson,-0.8767402007430611,-2.2038530943840304,-2.3835848810866462,1.5862376439266235,-0.5331525692853465,-0.8702663326954224,3.5565675542345883,-1.2428942085121233
RT Ponting,-1.604750406164356,-2.819292483220488,-2.554354483501523,2.507309273801936,-0.7492331452729178,-2.7126324769899712,-0.5326566921788214,-1.4396836902764323
