batter,label
V Kohli,Consistent Elite Players
RG Sharma,Consistent Elite Players
S Dhawan,Consistent Elite Players
DA Warner,Consistent Elite Players
SK Raina,Consistent Elite Players
MS Dhoni,Consistent Elite Players
KL Rahul,Consistent Elite Players
AB de Villiers,Consistent Elite Players
AM Rahane,Dependable Anchors
CH Gayle,Consistent Elite Players
RV Uthappa,Dependable Anchors
KD Karthik,Dependable Anchors
F du Plessis,Consistent Elite Players
SV Samson,Consistent Elite Players
AT Rayudu,Dependable Anchors
SA Yadav,Consistent Elite Players
G Gambhir,Dependable Anchors
JC Buttler,Consistent Elite Players
MK Pandey,Dependable Anchors
SR Watson,Consistent Elite Players
Shubman Gill,Consistent Elite Players
SS Iyer,Consistent Elite Players
RR Pant,Consistent Elite Players
KA Pollard,Consistent Elite Players
Q de Kock,Consistent Elite Players
RA Jadeja,Dependable Anchors
YK Pathan,Consistent Elite Players
DA Miller,Consistent Elite Players
Ishan Kishan,Consistent Elite Players
WP Saha,Dependable Anchors
BB McCullum,Dependable Anchors
PA Patel,Dependable Anchors
N Rana,Consistent Elite Players
GJ Maxwell,Consistent Elite Players
MA Agarwal,Dependable Anchors
HH Pandya,Consistent Elite Players
Yuvraj Singh,Dependable Anchors
V Sehwag,Consistent Elite Players
AD Russell,Consistent Elite Players
M Vijay,Dependable Anchors
RD Gaikwad,Consistent Elite Players
SE Marsh,Consistent Elite Players
SPD Smith,Consistent Elite Players
JH Kallis,Dependable Anchors
DR Smith,Consistent Elite Players
SR Tendulkar,Consistent Elite Players
N Pooran,Consistent Elite Players
RA Tripathi,Dependable Anchors
R Dravid,Dependable Anchors
YBK Jaiswal,Consistent Elite Players
KS Williamson,Consistent Elite Players
AJ Finch,Dependable Anchors
AC Gilchrist,Consistent Elite Players
JP Duminy,Consistent Elite Players
MP Stoinis,Consistent Elite Players
MEK Hussey,Consistent Elite Players
AR Patel,Dependable Anchors
PP Shaw,Consistent Elite Players
S Dube,Consistent Elite Players
Abhishek Sharma,Consistent Elite Players
DPMD Jayawardene,Dependable Anchors
D Padikkal,Dependable Anchors
SP Narine,Power-Hitters (Aggressive)
B Sai Sudharsan,Consistent Elite Players
KH Pandya,Dependable Anchors
Mandeep Singh,Dependable Anchors
KK Nair,Dependable Anchors
MK Tiwary,Dependable Anchors
KC Sangakkara,Dependable Anchors
JM Bairstow,Consistent Elite Players
R Parag,Dependable Anchors
DJ Bravo,Dependable Anchors
NV Ojha,Dependable Anchors
Tilak Varma,Consistent Elite Players
SS Tiwary,Dependable Anchors
SO Hetmyer,Consistent Elite Players
DJ Hooda,Dependable Anchors
H Klaasen,Consistent Elite Players
VR Iyer,Consistent Elite Players
S Badrinath,Dependable Anchors
AK Markram,Consistent Elite Players
EJG Morgan,Dependable Anchors
BJ Hodge,Dependable Anchors
P Simran Singh,Consistent Elite Players
SC Ganguly,Dependable Anchors
CA Lynn,Consistent Elite Players
DJ Hussey,Dependable Anchors
MR Marsh,Consistent Elite Players
V Shankar,Dependable Anchors
KM Jadhav,Dependable Anchors
MM Ali,Dependable Anchors
IK Pathan,Dependable Anchors
TM Head,Consistent Elite Players
TM Dilshan,Dependable Anchors
RM Patidar,Consistent Elite Players
R Tewatia,Dependable Anchors
ML Hayden,Consistent Elite Players
RK Singh,Consistent Elite Players
M Vohra,Dependable Anchors
DP Conway,Consistent Elite Players
LMP Simmons,Consistent Elite Players
PD Salt,Consistent Elite Players
LS Livingstone,Consistent Elite Players
LRPL Taylor,Dependable Anchors
KP Pietersen,Consistent Elite Players
MC Henriques,Dependable Anchors
SM Curran,Dependable Anchors
JM Sharma,Consistent Elite Players
Y Venugopal Rao,Dependable Anchors
A Symonds,Consistent Elite Players
JA Morkel,Dependable Anchors
A Badoni,Dependable Anchors
CL White,Dependable Anchors
BA Stokes,Dependable Anchors
HH Gibbs,Dependable Anchors
STR Binny,Dependable Anchors
R Ashwin,Bowling All-Rounders
TH David,Consistent Elite Players
Harbhajan Singh,Dependable Anchors
MS Bisla,Dependable Anchors
Shakib Al Hasan,Dependable Anchors
Shashank Singh,Consistent Elite Players
ST Jayasuriya,Power-Hitters (Aggressive)
Abdul Samad,Dependable Anchors
M Shahrukh Khan,Dependable Anchors
GC Smith,Dependable Anchors
AD Mathews,Dependable Anchors
N Wadhera,Consistent Elite Players
T Stubbs,Consistent Elite Players
C Green,Consistent Elite Players
Dhruv Jurel,Consistent Elite Players
TL Suman,Dependable Anchors
AM Nayar,Dependable Anchors
Abishek Porel,Consistent Elite Players
GJ Bailey,Dependable Anchors
E Lewis,Consistent Elite Players
PP Chawla,Bowling All-Rounders
JJ Roy,Consistent Elite Players
CH Morris,Dependable Anchors
PJ Cummins,Dependable Anchors
JD Ryder,Dependable Anchors
SN Khan,Dependable Anchors
Rashid Khan,Dependable Anchors
HM Amla,Consistent Elite Players
Priyansh Arya,Power-Hitters (Aggressive)
Shahbaz Ahmed,Dependable Anchors
CJ Anderson,Dependable Anchors
RS Bopara,Dependable Anchors
MK Lomror,Dependable Anchors
JP Faulkner,Dependable Anchors
M Manhas,Bowling All-Rounders
Gurkeerat Singh,Dependable Anchors
Washington Sundar,Dependable Anchors
OA Shah,Dependable Anchors
PC Valthaty,Dependable Anchors
SW Billings,Dependable Anchors
Nithish Kumar Reddy,Dependable Anchors
RR Rossouw,Consistent Elite Players
A Raghuvanshi,Consistent Elite Players
WG Jacks,Consistent Elite Players
D Brevis,Consistent Elite Players
DT Christian,Bowling All-Rounders
SA Asnodkar,Power-Hitters (Aggressive)
NLTC Perera,Dependable Anchors
JR Hopes,Dependable Anchors
R Ravindra,Consistent Elite Players
J Botha,Bowling All-Rounders
LR Shukla,Bowling All-Rounders
SE Rutherford,Dependable Anchors
AL Menaria,Dependable Anchors
Naman Dhir,Consistent Elite Players
CA Pujara,Bowling All-Rounders
RD Rickelton,Power-Hitters (Aggressive)
Azhar Mahmood,Dependable Anchors
MV Boucher,Dependable Anchors
Ashutosh Sharma,Consistent Elite Players
A Mishra,Bowling All-Rounders
J Fraser-McGurk,Power-Hitters (Aggressive)
KR Mayers,Power-Hitters (Aggressive)
DB Ravi Teja,Dependable Anchors
S Sohal,Power-Hitters (Aggressive)
R Powell,Dependable Anchors
P Negi,Dependable Anchors
Rahmanullah Gurbaz,Power-Hitters (Aggressive)
KV Sharma,Bowling All-Rounders
DJ Mitchell,Dependable Anchors
R Bhatia,Bowling All-Rounders
AP Tare,Dependable Anchors
P Kumar,Bowling All-Rounders
JEC Franklin,Dependable Anchors
RN ten Doeschate,Dependable Anchors
SN Thakur,Bowling All-Rounders
B Kumar,Bowling All-Rounders
Anuj Rawat,Dependable Anchors
R Vinay Kumar,Bowling All-Rounders
DB Das,Dependable Anchors
LA Pomersbach,Dependable Anchors
UBT Chand,Bowling All-Rounders
C de Grandhomme,Dependable Anchors
DJG Sammy,Dependable Anchors
Lalit Yadav,Bowling All-Rounders
A Manohar,Dependable Anchors
SP Goswami,Bowling All-Rounders
Y Nagar,Bowling All-Rounders
GH Vihari,Bowling All-Rounders
A Ashish Reddy,Dependable Anchors
B Chipli,Bowling All-Rounders
JP Inglis,Consistent Elite Players
MJ Lumb,Power-Hitters (Aggressive)
PBB Rajapaksa,Power-Hitters (Aggressive)
VVS Laxman,Bowling All-Rounders
HV Patel,Bowling All-Rounders
R Sathish,Bowling All-Rounders
PK Garg,Bowling All-Rounders
MJ Guptill,Power-Hitters (Aggressive)
Atharva Taide,Power-Hitters (Aggressive)
JO Holder,Bowling All-Rounders
M Kaif,Bowling All-Rounders
V Suryavanshi,Power-Hitters (Aggressive)
JC Archer,Dependable Anchors
K Gowtham,Dependable Anchors
Harpreet Brar,Bowling All-Rounders
A Mhatre,Consistent Elite Players
SM Katich,Dependable Anchors
BCJ Cutting,Dependable Anchors
Aniket Verma,Consistent Elite Players
MD Mishra,Bowling All-Rounders
K Goel,Bowling All-Rounders
AA Jhunjhunwala,Bowling All-Rounders
Mohammad Nabi,Dependable Anchors
K Rabada,Bowling All-Rounders
Ramandeep Singh,Dependable Anchors
R Dhawan,Bowling All-Rounders
UT Yadav,Bowling All-Rounders
CA Ingram,Bowling All-Rounders
PD Collingwood,Consistent Elite Players
Kuldeep Yadav,Bowling All-Rounders
KS Bharat,Dependable Anchors
JD Unadkat,Bowling All-Rounders
SK Warne,Bowling All-Rounders
AS Raut,Dependable Anchors
BJ Rohrer,Dependable Anchors
Salman Butt,Dependable Anchors
SP Fleming,Power-Hitters (Aggressive)
YV Takawale,Dependable Anchors
Bipul Sharma,Dependable Anchors
HC Brook,Bowling All-Rounders
SD Hope,Consistent Elite Players
FY Fazal,Bowling All-Rounders
MS Wade,Bowling All-Rounders
Sikandar Raza,Dependable Anchors
AC Voges,Consistent Elite Players
CR Brathwaite,Dependable Anchors
S Gopal,Bowling All-Rounders
MF Maharoof,Dependable Anchors
C Munro,Power-Hitters (Aggressive)
AB Agarkar,Dependable Anchors
Sameer Rizvi,Dependable Anchors
CM Gautam,Bowling All-Rounders
DH Yagnik,Bowling All-Rounders
DW Steyn,Bowling All-Rounders
MG Johnson,Bowling All-Rounders
PA Reddy,Dependable Anchors
MN van Wyk,Consistent Elite Players
N Jagadeesan,Bowling All-Rounders
MN Samuels,Bowling All-Rounders
RE van der Merwe,Bowling All-Rounders
R McLaren,Bowling All-Rounders
D Wiese,Dependable Anchors
SM Pollock,Dependable Anchors
AD Hales,Power-Hitters (Aggressive)
S Vidyut,Power-Hitters (Aggressive)
Sachin Baby,Bowling All-Rounders
M Jansen,Bowling All-Rounders
N Saini,Bowling All-Rounders
Anmolpreet Singh,Power-Hitters (Aggressive)
S Anirudha,Bowling All-Rounders
SB Styris,Bowling All-Rounders
W Jaffer,Bowling All-Rounders
RD Chahar,Bowling All-Rounders
TK Curran,Bowling All-Rounders
P Dogra,Bowling All-Rounders
SS Prabhudessai,Bowling All-Rounders
BB Samantray,Bowling All-Rounders
MC Juneja,Bowling All-Rounders
MM Sharma,Bowling All-Rounders
AB McDonald,Dependable Anchors
DL Vettori,Bowling All-Rounders
NK Patel,Bowling All-Rounders
TG Southee,Bowling All-Rounders
Harpreet Singh,Bowling All-Rounders
RJ Harris,Bowling All-Rounders
Z Khan,Bowling All-Rounders
Aman Hakim Khan,Bowling All-Rounders
M Kartik,Bowling All-Rounders
Mohammed Siraj,Bowling All-Rounders
DJ Harris,Power-Hitters (Aggressive)
MA Starc,Bowling All-Rounders
MJ Santner,Bowling All-Rounders
JDP Oram,Bowling All-Rounders
DS Kulkarni,Bowling All-Rounders
RJ Quiney,Bowling All-Rounders
CJ Ferguson,Bowling All-Rounders
RT Ponting,Bowling All-Rounders
